{"cameraMode":{"drawMode":0,"name":"Shaded","section":"Shading Mode"},"sceneLighting":false,"audioPlay":false,"sceneViewState":{"m_AlwaysRefresh":false,"showFog":true,"showSkybox":false,"showFlares":true,"showImageEffects":true,"showParticleSystems":true,"showVisualEffectGraphs":true,"m_FxEnabled":true},"in2DMode":false,"pivot":{"x":-0.042122602462768558,"y":-0.4583260715007782,"z":-0.1736755222082138},"rotation":{"x":-0.00008667602378409356,"y":-0.9931312203407288,"z":0.11704295873641968,"w":-0.0008876264910213649},"size":0.7121215462684631,"orthographic":false}