{"cameraMode":{"drawMode":0,"name":"Shaded","section":"Shading Mode"},"sceneLighting":false,"audioPlay":false,"sceneViewState":{"m_AlwaysRefresh":false,"showFog":true,"showSkybox":false,"showFlares":true,"showImageEffects":true,"showParticleSystems":true,"showVisualEffectGraphs":true,"m_FxEnabled":true},"in2DMode":false,"pivot":{"x":4.046517372131348,"y":8.155478477478028,"z":-0.47305339574813845},"rotation":{"x":-0.16009262204170228,"y":-0.011265688575804234,"z":0.0017536228988319636,"w":-0.9869446158409119},"size":0.916221559047699,"orthographic":false}