{"cameraMode":{"drawMode":0,"name":"Shaded","section":"Shading Mode"},"sceneLighting":true,"audioPlay":false,"sceneViewState":{"m_AlwaysRefresh":false,"showFog":true,"showSkybox":true,"showFlares":true,"showImageEffects":true,"showParticleSystems":true,"showVisualEffectGraphs":true,"m_FxEnabled":true},"in2DMode":false,"pivot":{"x":-0.16039836406707765,"y":5.530450344085693,"z":-1.0826448202133179},"rotation":{"x":-0.1538383960723877,"y":-0.39096707105636599,"z":0.06632275134325028,"w":-0.9051050543785095},"size":1.0702776908874512,"orthographic":false}